"Id","Position","First Name","Nickname","Last Name","FPPG","Played","Salary","Game","Team","Opponent","Injury Indicator","Injury Details","Tier","",""
"28399-30447","RB","Todd","Todd Gurley II","Gurley II","26.5","2","9300","LAC@LAR","LAR","LAC","","","","",""
"28399-28573","WR","Michael","Michael Thomas","Thomas","27.450000762939453","2","9000","NO@ATL","NO","ATL","","","","",""
"28399-57439","QB","Patrick","Patrick Mahomes","Mahomes","33.59000015258789","2","8900","SF@KC","KC","SF","","","","",""
"28399-11612","WR","Antonio","Antonio Brown","Brown","15.5","2","8800","PIT@TB","PIT","TB","","","","",""
"28399-6894","QB","Aaron","Aaron Rodgers","Rodgers","20.489999771118164","2","8800","GB@WAS","GB","WAS","","","","",""
"28399-42104","RB","Alvin","Alvin Kamara","Kamara","26.75","2","8700","NO@ATL","NO","ATL","","","","",""
"28399-14190","WR","Julio","Julio Jones","Jones","15.949999809265137","2","8700","NO@ATL","ATL","NO","","","","",""
"28399-16606","WR","DeAndre","DeAndre Hopkins","Hopkins","15.550000190734863","2","8600","NYG@HOU","HOU","NYG","","","","",""
"28399-22038","QB","Kirk","Kirk Cousins","Cousins","27.43000030517578","2","8600","BUF@MIN","MIN","BUF","","","","",""
"28399-14187","WR","A.J.","A.J. Green","Green","21.799999237060547","2","8600","CIN@CAR","CIN","CAR","","","","",""
"28399-6498","QB","Tom","Tom Brady","Brady","19.31999969482422","2","8500","NE@DET","NE","DET","","","","",""
"28399-6504","QB","Drew","Drew Brees","Brees","24.59000015258789","2","8500","NO@ATL","NO","ATL","","","","",""
"28399-28900","RB","Melvin","Melvin Gordon III","Gordon III","25.350000381469727","2","8400","LAC@LAR","LAC","LAR","Q","Upper body","","",""
"28399-28181","RB","Le'Veon","Le'Veon Bell","Bell","19.940000406901042","15","8400","PIT@TB","PIT","TB","O","Contract dispute","","",""
"28399-25079","WR","Stefon","Stefon Diggs","Diggs","22","2","8300","BUF@MIN","MIN","BUF","","","","",""
"28399-31360","WR","Odell","Odell Beckham Jr.","Beckham Jr.","11.800000190734863","2","8300","NYG@HOU","NYG","HOU","","","","",""
"28399-14185","QB","Cam","Cam Newton","Newton","23.420000076293945","2","8300","CIN@CAR","CAR","CIN","","","","",""
"28399-62497","RB","David","David Johnson","Johnson","10.399999618530273","2","8200","CHI@ARI","ARI","CHI","","","","",""
"28399-53681","WR","Tyreek","Tyreek Hill","Hill","28.149999618530273","2","8200","SF@KC","KC","SF","","","","",""
"28399-39716","WR","Adam","Adam Thielen","Thielen","19.149999618530273","2","8200","BUF@MIN","MIN","BUF","","","","",""
"28399-38791","RB","Ezekiel","Ezekiel Elliott","Elliott","16.649999618530273","2","8200","DAL@SEA","DAL","SEA","","","","",""
"28399-11460","TE","Rob","Rob Gronkowski","Gronkowski","11.149999618530273","2","8100","NE@DET","NE","DET","","","","",""
"28399-6589","QB","Ben","Ben Roethlisberger","Roethlisberger","25.489999771118164","2","8100","PIT@TB","PIT","TB","","","","",""
"28399-45889","WR","Davante","Davante Adams","Adams","16.850000381469727","2","8100","GB@WAS","GB","WAS","","","","",""
"28399-29253","WR","Keenan","Keenan Allen","Allen","15.25","2","8000","LAC@LAR","LAC","LAR","","","","",""
"28399-32384","WR","Mike","Mike Evans","Evans","20.75","2","8000","PIT@TB","TB","PIT","","","","",""
"28399-64401","RB","Saquon","Saquon Barkley","Barkley","18.799999237060547","2","8000","NYG@HOU","NYG","HOU","","","","",""
"28399-45229","RB","Kareem","Kareem Hunt","Hunt","9.699999809265137","2","7900","SF@KC","KC","SF","","","","",""
"28399-55050","RB","Christian","Christian McCaffrey","McCaffrey","15.699999809265137","2","7900","CIN@CAR","CAR","CIN","","","","",""
"28399-22015","QB","Russell","Russell Wilson","Wilson","19.079999923706055","2","7800","DAL@SEA","SEA","DAL","","","","",""
"28399-55987","WR","JuJu","JuJu Smith-Schuster","Smith-Schuster","19.5","2","7800","PIT@TB","PIT","TB","","","","",""
"28399-29501","WR","Brandin","Brandin Cooks","Cooks","15.600000381469727","2","7800","LAC@LAR","LAR","LAC","","","","",""
"28399-6616","QB","Matt","Matt Ryan","Ryan","20.760000228881836","2","7700","NO@ATL","ATL","NO","","","","",""
"28399-54879","QB","Deshaun","Deshaun Watson","Watson","17.920000076293945","2","7700","NYG@HOU","HOU","NYG","","","","",""
"28399-52922","RB","Leonard","Leonard Fournette","Fournette","7","1","7700","TEN@JAC","JAC","TEN","Q","Hamstring","","",""
"28399-38435","QB","Jared","Jared Goff","Goff","18.290000915527344","2","7600","LAC@LAR","LAR","LAC","","","","",""
"28399-33076","TE","Travis","Travis Kelce","Kelce","13.75","2","7500","SF@KC","KC","SF","","","","",""
"28399-7659","QB","Ryan","Ryan Fitzpatrick","Fitzpatrick","36.630001068115234","2","7500","PIT@TB","TB","PIT","","","","",""
"28399-22031","WR","T.Y.","T.Y. Hilton","Hilton","15.449999809265137","2","7500","IND@PHI","IND","PHI","","","","",""
"28399-40687","RB","James","James Conner","Conner","24.350000381469727","2","7500","PIT@TB","PIT","TB","","","","",""
"28399-42142","RB","Jordan","Jordan Howard","Howard","10.75","2","7400","CHI@ARI","CHI","ARI","","","","",""
"28399-54604","QB","Jimmy","Jimmy Garoppolo","Garoppolo","14.34000015258789","2","7400","SF@KC","SF","KC","","","","",""
"28399-21939","QB","Andrew","Andrew Luck","Luck","16.90999984741211","2","7400","IND@PHI","IND","PHI","","","","",""
"28399-6654","QB","Matthew","Matthew Stafford","Stafford","18.360000610351562","2","7400","NE@DET","DET","NE","","","","",""
"28399-22027","QB","Nick","Nick Foles","Foles","10.619999885559082","2","7400","IND@PHI","PHI","IND","","","","",""
"28399-70324","QB","Carson","Carson Wentz","Wentz","22.210768479567307","13","7400","IND@PHI","PHI","IND","","","","",""
"28399-7968","QB","Philip","Philip Rivers","Rivers","26.350000381469727","2","7400","LAC@LAR","LAC","LAR","","","","",""
"28399-27776","RB","Tevin","Tevin Coleman","Coleman","12.75","2","7300","NO@ATL","ATL","NO","","","","",""
"28399-42028","WR","Will","Will Fuller V","Fuller V","21.299999237060547","1","7200","NYG@HOU","HOU","NYG","","","","",""
"28399-14626","WR","Doug","Doug Baldwin","Baldwin","0","1","7200","DAL@SEA","SEA","DAL","D","Knee - mcl","","",""
"28399-14225","QB","Andy","Andy Dalton","Dalton","22.059999465942383","2","7200","CIN@CAR","CIN","CAR","","","","",""
"28399-52442","RB","Joe","Joe Mixon","Mixon","16.299999237060547","2","7100","CIN@CAR","CIN","CAR","O","Knee","","",""
"28399-8005","QB","Alex","Alex Smith","Smith","16.34000015258789","2","7100","GB@WAS","WAS","GB","","","","",""
"28399-29780","TE","Zach","Zach Ertz","Ertz","11.100000381469727","2","7000","IND@PHI","PHI","IND","","","","",""
"28399-11505","WR","Emmanuel","Emmanuel Sanders","Sanders","18.049999237060547","2","6900","DEN@BAL","DEN","BAL","","","","",""
"28399-31001","WR","Amari","Amari Cooper","Cooper","9.449999809265137","2","6900","OAK@MIA","OAK","MIA","","","","",""
"28399-31394","WR","Jarvis","Jarvis Landry","Landry","11.75","2","6900","NYJ@CLE","CLE","NYJ","Q","Knee","","",""
"28399-11485","WR","Golden","Golden Tate","Tate","16.350000381469727","2","6800","NE@DET","DET","NE","","","","",""
"28399-30989","RB","Kenyan","Kenyan Drake","Drake","11.550000190734863","2","6800","OAK@MIA","MIA","OAK","","","","",""
"28399-24920","RB","Devonta","Devonta Freeman","Freeman","6.5","1","6800","NO@ATL","ATL","NO","Q","Knee","","",""
"28399-6739","WR","DeSean","DeSean Jackson","Jackson","25","2","6800","PIT@TB","TB","PIT","","","","",""
"28399-45859","QB","Derek","Derek Carr","Carr","12.369999885559082","2","6800","OAK@MIA","OAK","MIA","","","","",""
"28399-31716","QB","Dak","Dak Prescott","Prescott","11.800000190734863","2","6800","DAL@SEA","DAL","SEA","","","","",""
"28399-11432","WR","Demaryius","Demaryius Thomas","Thomas","9.800000190734863","2","6700","DEN@BAL","DEN","BAL","","","","",""
"28399-22994","QB","Case","Case Keenum","Keenum","18.81999969482422","2","6700","DEN@BAL","DEN","BAL","","","","",""
"28399-34308","QB","Blake","Blake Bortles","Bortles","23.90999984741211","2","6700","TEN@JAC","JAC","TEN","","","","",""
"28399-22037","RB","Lamar","Lamar Miller","Miller","9.699999809265137","2","6700","NYG@HOU","HOU","NYG","","","","",""
"28399-6714","QB","Joe","Joe Flacco","Flacco","20.790000915527344","2","6700","DEN@BAL","BAL","DEN","","","","",""
"28399-6883","WR","Larry","Larry Fitzgerald","Fitzgerald","7.699999809265137","2","6700","CHI@ARI","ARI","CHI","Q","Hamstring","","",""
"28399-29685","WR","Robert","Robert Woods","Woods","8.449999809265137","2","6700","LAC@LAR","LAR","LAC","","","","",""
"28399-14377","QB","Tyrod","Tyrod Taylor","Taylor","20.010000228881836","2","6600","NYJ@CLE","CLE","NYJ","","","","",""
"28399-63589","QB","Sam","Sam Darnold","Darnold","15.140000343322754","2","6600","NYJ@CLE","NYJ","CLE","","","","",""
"28399-21948","QB","Ryan","Ryan Tannehill","Tannehill","16.360000610351562","2","6600","OAK@MIA","MIA","OAK","","","","",""
"28399-6627","WR","Ted","Ted Ginn Jr.","Ginn Jr.","11.649999618530273","2","6600","NO@ATL","NO","ATL","","","","",""
"28399-22103","WR","Marvin","Marvin Jones Jr.","Jones Jr.","10.399999618530273","2","6600","NE@DET","DET","NE","","","","",""
"28399-46882","RB","Jay","Jay Ajayi","Ajayi","14.699999809265137","2","6600","IND@PHI","PHI","IND","Q","Back","","",""
"28399-29683","WR","Nelson","Nelson Agholor","Agholor","14.25","2","6600","IND@PHI","PHI","IND","","","","",""
"28399-24849","QB","Jameis","Jameis Winston","Winston","16.35846182016226","13","6500","PIT@TB","TB","PIT","O","Suspension","","",""
"28399-24891","RB","Chris","Chris Thompson","Thompson","18.799999237060547","2","6500","GB@WAS","WAS","GB","","","","",""
"28399-27050","WR","Tyler","Tyler Lockett","Lockett","13.949999809265137","2","6500","DAL@SEA","SEA","DAL","","","","",""
"28399-21980","WR","Alshon","Alshon Jeffery","Jeffery","10.462499618530273","16","6500","IND@PHI","PHI","IND","Q","Shoulder","","",""
"28399-6703","RB","Adrian","Adrian Peterson","Peterson","14.050000190734863","2","6500","GB@WAS","WAS","GB","","","","",""
"28399-6779","RB","LeSean","LeSean McCoy","McCoy","5.699999809265137","2","6500","BUF@MIN","BUF","MIN","Q","Ribs","","",""
"28399-23194","WR","Josh","Josh Gordon","Gordon","8.199999809265137","1","6500","NE@DET","NE","DET","Q","Hamstring","","",""
"28399-6826","QB","Eli","Eli Manning","Manning","10.859999656677246","2","6500","NYG@HOU","NYG","HOU","","","","",""
"28399-29358","QB","Marcus","Marcus Mariota","Mariota","3.619999885559082","1","6500","TEN@JAC","TEN","JAC","Q","Elbow","","",""
"28399-7859","WR","Julian","Julian Edelman","Edelman","0","0","6500","NE@DET","NE","DET","O","Suspension","","",""
"28399-38628","QB","Mitchell","Mitchell Trubisky","Trubisky","15.220000267028809","2","6500","CHI@ARI","CHI","ARI","","","","",""
"28399-28473","RB","Carlos","Carlos Hyde","Hyde","12.25","2","6500","NYJ@CLE","CLE","NYJ","","","","",""
"28399-54140","RB","Dalvin","Dalvin Cook","Cook","10.5","2","6500","BUF@MIN","MIN","BUF","Q","Hamstring","","",""
"28399-28643","WR","Allen","Allen Robinson II","Robinson II","10.699999809265137","2","6500","CHI@ARI","CHI","ARI","","","","",""
"28399-79998","WR","Keelan","Keelan Cole","Cole","14","2","6400","TEN@JAC","JAC","TEN","","","","",""
"28399-9371","RB","Marshawn","Marshawn Lynch","Lynch","12.850000381469727","2","6400","OAK@MIA","OAK","MIA","","","","",""
"28399-9392","WR","Michael","Michael Crabtree","Crabtree","9.699999809265137","2","6400","DEN@BAL","BAL","DEN","","","","",""
"28399-54684","RB","Isaiah","Isaiah Crowell","Crowell","13.550000190734863","2","6400","NYJ@CLE","NYJ","CLE","","","","",""
"28399-41426","RB","Phillip","Phillip Lindsay","Lindsay","14.399999618530273","2","6400","DEN@BAL","DEN","BAL","","","","",""
"28399-64119","RB","Chris","Chris Carson","Carson","4.900000095367432","2","6400","DAL@SEA","SEA","DAL","","","","",""
"28399-25290","RB","Giovani","Giovani Bernard","Bernard","3.799999952316284","2","6400","CIN@CAR","CIN","CAR","","","","",""
"28399-27457","WR","Kenny","Kenny Stills","Stills","13.649999618530273","2","6400","OAK@MIA","MIA","OAK","","","","",""
"28399-79970","WR","Cooper","Cooper Kupp","Kupp","12.300000190734863","2","6300","LAC@LAR","LAR","LAC","","","","",""
"28399-11414","QB","Sam","Sam Bradford","Bradford","3.2100000381469727","2","6300","CHI@ARI","ARI","CHI","","","","",""
"28399-40843","RB","Alex","Alex Collins","Collins","8.449999809265137","2","6300","DEN@BAL","BAL","DEN","","","","",""
"28399-14320","RB","Bilal","Bilal Powell","Powell","11.75","2","6300","NYJ@CLE","NYJ","CLE","","","","",""
"28399-53303","RB","Matt","Matt Breida","Breida","14.5","2","6200","SF@KC","SF","KC","","","","",""
"28399-24641","WR","Sammy","Sammy Watkins","Watkins","9.850000381469727","2","6200","SF@KC","KC","SF","","","","",""
"28399-11512","TE","Jimmy","Jimmy Graham","Graham","7.150000095367432","2","6200","GB@WAS","GB","WAS","","","","",""
"28399-54606","WR","John","John Brown","Brown","14.600000381469727","2","6200","DEN@BAL","BAL","DEN","","","","",""
"28399-55635","WR","Chris","Chris Godwin","Godwin","12.850000381469727","2","6200","PIT@TB","TB","PIT","","","","",""
"28399-14704","WR","Chris","Chris Hogan","Hogan","9.649999618530273","2","6200","NE@DET","NE","DET","","","","",""
"28399-28080","WR","Devin","Devin Funchess","Funchess","8.399999618530273","2","6200","CIN@CAR","CAR","CIN","","","","",""
"28399-26251","WR","Robby","Robby Anderson","Anderson","5.949999809265137","2","6200","NYJ@CLE","NYJ","CLE","","","","",""
"28399-62364","QB","Josh","Josh Rosen","Rosen","0","0","6200","CHI@ARI","ARI","CHI","","","","",""
"28399-28930","RB","James","James White","White","12.75","2","6100","NE@DET","NE","DET","","","","",""
"28399-31061","RB","T.J.","T.J. Yeldon","Yeldon","11.25","2","6100","TEN@JAC","JAC","TEN","","","","",""
"28399-57840","RB","Rashaad","Rashaad Penny","Penny","4.650000095367432","2","6100","DAL@SEA","SEA","DAL","","","","",""
"28399-41535","QB","Baker","Baker Mayfield","Mayfield","0","0","6100","NYJ@CLE","CLE","NYJ","","","","",""
"28399-27266","WR","Quincy","Quincy Enunwa","Enunwa","14","2","6100","NYJ@CLE","NYJ","CLE","","","","",""
"28399-63115","QB","Lamar","Lamar Jackson","Jackson","2.7300000190734863","2","6100","DEN@BAL","BAL","DEN","","","","",""
"28399-62239","QB","Josh","Josh Allen","Allen","10.279999732971191","2","6100","BUF@MIN","BUF","MIN","","","","",""
"28399-14194","QB","Blaine","Blaine Gabbert","Gabbert","6.28000020980835","2","6100","TEN@JAC","TEN","JAC","","","","",""
"28399-14257","WR","Randall","Randall Cobb","Cobb","14.850000381469727","2","6100","GB@WAS","GB","WAS","","","","",""
"28399-29715","QB","Kevin","Kevin Hogan","Hogan","9.694999694824219","4","6000","DEN@BAL","DEN","BAL","","","","",""
"28399-24607","QB","Chad","Chad Kelly","Kelly","0","0","6000","DEN@BAL","DEN","BAL","","","","",""
"28399-30761","QB","Nathan","Nathan Peterman","Peterman","-0.9399999976158142","1","6000","BUF@MIN","BUF","MIN","","","","",""
"28399-30788","QB","Tyler","Tyler Bray","Bray","-2","1","6000","CHI@ARI","CHI","ARI","","","","",""
"28399-53331","QB","Taylor","Taylor Heinicke","Heinicke","0.6000000238418579","1","6000","CIN@CAR","CAR","CIN","","","","",""
"28399-39034","QB","Kurt","Kurt Benkert","Benkert","0","0","6000","NO@ATL","ATL","NO","","","","",""
"28399-83079","QB","Kyle","Kyle Lauletta","Lauletta","0","0","6000","NYG@HOU","NYG","HOU","","","","",""
"28399-27801","QB","Nate","Nate Sudfeld","Sudfeld","7.559999942779541","1","6000","IND@PHI","PHI","IND","","","","",""
"28399-83130","QB","Chad","Chad Kanoff","Kanoff","0","0","6000","CHI@ARI","ARI","CHI","","","","",""
"28399-57537","QB","DeShone","DeShone Kizer","Kizer","-0.800000011920929","1","6000","GB@WAS","GB","WAS","","","","",""
"28399-45259","QB","Logan","Logan Woodside","Woodside","0","0","6000","TEN@JAC","TEN","JAC","","","","",""
"28399-29915","QB","Brett","Brett Hundley","Hundley","12.358182040127842","11","6000","DAL@SEA","SEA","DAL","","","","",""
"28399-54507","QB","Alex","Alex McGough","McGough","0","0","6000","DAL@SEA","SEA","DAL","","","","",""
"28399-11500","QB","Colt","Colt McCoy","McCoy","0","0","6000","GB@WAS","WAS","GB","","","","",""
"28399-39179","QB","Tanner","Tanner Lee","Lee","0","0","6000","TEN@JAC","JAC","TEN","","","","",""
"28399-31047","QB","AJ","AJ McCarron","McCarron","1.3200000524520874","2","6000","OAK@MIA","OAK","MIA","","","","",""
"28399-27982","QB","Jake","Jake Rudock","Rudock","-0.03999999910593033","1","6000","NE@DET","DET","NE","","","","",""
"28399-27986","QB","C.J.","C.J. Beathard","Beathard","15.800000508626303","6","6000","SF@KC","SF","KC","","","","",""
"28399-11615","QB","Joe","Joe Webb III","Webb III","2.9000000953674316","2","6000","NYG@HOU","HOU","NYG","","","","",""
"28399-39280","RB","Derrick","Derrick Henry","Henry","4.760000228881836","2","6000","TEN@JAC","TEN","JAC","","","","",""
"28399-21941","QB","Robert","Robert Griffin III","Griffin III","0","0","6000","DEN@BAL","BAL","DEN","","","","",""
"28399-31170","QB","Brandon","Brandon Allen","Allen","0","0","6000","LAC@LAR","LAR","LAC","","","","",""
"28399-21959","QB","Brandon","Brandon Weeden","Weeden","0","0","6000","NYG@HOU","HOU","NYG","","","","",""
"28399-40407","QB","Joshua","Joshua Dobbs","Dobbs","0","0","6000","PIT@TB","PIT","TB","","","","",""
"28399-53729","QB","Mason","Mason Rudolph","Rudolph","0","0","6000","PIT@TB","PIT","TB","","","","",""
"28399-21994","QB","Brock","Brock Osweiler","Osweiler","12.153333028157553","6","6000","OAK@MIA","MIA","OAK","","","","",""
"28399-33259","QB","Teddy","Teddy Bridgewater","Bridgewater","-1.2999999523162842","1","6000","NO@ATL","NO","ATL","","","","",""
"28399-45565","QB","Taysom","Taysom Hill","Hill","0","1","6000","NO@ATL","NO","ATL","","","","",""
"28399-28163","QB","Connor","Connor Cook","Cook","0","0","6000","CIN@CAR","CAR","CIN","","","","",""
"28399-6679","QB","Matt","Matt Schaub","Schaub","0","1","6000","NO@ATL","ATL","NO","","","","",""
"28399-30231","QB","Jacoby","Jacoby Brissett","Brissett","13.307499885559082","16","6000","IND@PHI","IND","PHI","","","","",""
"28399-40482","QB","Tim","Tim Boyle","Boyle","0","0","6000","GB@WAS","GB","WAS","","","","",""
"28399-23075","QB","Alex","Alex Tanney","Tanney","0","0","6000","NYG@HOU","NYG","HOU","","","","",""
"28399-30253","QB","Jeff","Jeff Driskel","Driskel","0","0","6000","CIN@CAR","CIN","CAR","","","","",""
"28399-57909","RB","Marlon","Marlon Mack","Mack","4.099999904632568","1","6000","IND@PHI","IND","PHI","","","","",""
"28399-40534","QB","Mike","Mike White","White","0","0","6000","DAL@SEA","DAL","SEA","","","","",""
"28399-30298","TE","Jordan","Jordan Reed","Reed","9.649999618530273","2","6000","GB@WAS","WAS","GB","","","","",""
"28399-41562","QB","Nick","Nick Mullens","Mullens","0","0","6000","SF@KC","SF","KC","","","","",""
"28399-7778","QB","Matt","Matt Cassel","Cassel","-0.5400000214576721","1","6000","NE@DET","DET","NE","","","","",""
"28399-8803","QB","Chase","Chase Daniel","Daniel","-0.20000000298023224","1","6000","CHI@ARI","CHI","ARI","","","","",""
"28399-6759","WR","Brandon","Brandon Marshall","Marshall","9.25","2","6000","DAL@SEA","SEA","DAL","","","","",""
"28399-6803","QB","Josh","Josh McCown","McCown","16.495384803185097","13","6000","NYJ@CLE","NYJ","CLE","","","","",""
"28399-55970","RB","Royce","Royce Freeman","Freeman","7.949999809265137","2","6000","DEN@BAL","DEN","BAL","","","","",""
"28399-7844","QB","Chad","Chad Henne","Henne","-0.25","2","6000","SF@KC","KC","SF","","","","",""
"28399-44715","QB","Cooper","Cooper Rush","Rush","0.6899999976158142","2","6000","DAL@SEA","DAL","SEA","","","","",""
"28399-62133","QB","Chase","Chase Litton","Litton","0","0","6000","SF@KC","KC","SF","","","","",""
"28399-7872","QB","Brian","Brian Hoyer","Hoyer","6.7879997253417965","10","6000","NE@DET","NE","DET","","","","",""
"28399-41732","QB","Christian","Christian Hackenberg","Hackenberg","0","0","6000","CIN@CAR","CIN","CAR","","","","",""
"28399-29445","QB","Sean","Sean Mannion","Mannion","1.0399999618530273","5","6000","LAC@LAR","LAR","LAC","","","","",""
"28399-28434","QB","Trevor","Trevor Siemian","Siemian","12.736364191228693","11","6000","BUF@MIN","MIN","BUF","","","","",""
"28399-25410","QB","Mike","Mike Glennon","Glennon","9.680000305175781","4","6000","CHI@ARI","ARI","CHI","","","","",""
"28399-27477","WR","Sterling","Sterling Shepard","Shepard","5.599999904632568","2","6000","NYG@HOU","NYG","HOU","","","","",""
"28399-28515","QB","Cardale","Cardale Jones","Jones","0","0","6000","LAC@LAR","LAC","LAR","","","","",""
"28399-41827","QB","Phillip","Phillip Walker","Walker","0","0","6000","IND@PHI","IND","PHI","","","","",""
"28399-33647","QB","Kyle","Kyle Sloter","Sloter","0","0","6000","BUF@MIN","MIN","BUF","","","","",""
"28399-26483","QB","Geno","Geno Smith","Smith","-0.10000000149011612","1","6000","LAC@LAR","LAC","LAR","","","","",""
"28399-39795","QB","Davis","Davis Webb","Webb","0","0","6000","NYJ@CLE","NYJ","CLE","","","","",""
"28399-38796","QB","J.T.","J.T. Barrett IV","Barrett IV","0","0","6000","NO@ATL","NO","ATL","","","","",""
"28399-29587","QB","Cody","Cody Kessler","Kessler","1.3133333524068196","3","6000","TEN@JAC","JAC","TEN","","","","",""
"28399-40857","RB","Peyton","Peyton Barber","Barber","5.150000095367432","2","6000","PIT@TB","TB","PIT","","","","",""
"28399-33702","QB","Ryan","Ryan Griffin","Griffin","0","0","6000","PIT@TB","TB","PIT","","","","",""
"28399-43956","QB","David","David Fales","Fales","10.199999809265137","2","6000","OAK@MIA","MIA","OAK","","","","",""
"28399-38837","QB","Danny","Danny Etling","Etling","0","0","6000","NE@DET","NE","DET","","","","",""
"28399-41966","QB","Luke","Luke Falk","Falk","0","0","6000","OAK@MIA","MIA","OAK","","","","",""
"28399-25813","WR","Phillip","Phillip Dorsett","Dorsett","11.5","2","5900","NE@DET","NE","DET","","","","",""
"28399-45439","WR","Corey","Corey Davis","Davis","8.600000381469727","2","5900","TEN@JAC","TEN","JAC","","","","",""
"28399-40442","RB","Aaron","Aaron Jones","Jones","7.55","10","5900","GB@WAS","GB","WAS","","","","",""
"28399-14237","TE","Kyle","Kyle Rudolph","Rudolph","9.149999618530273","2","5900","BUF@MIN","MIN","BUF","","","","",""
"28399-62535","WR","Tyrell","Tyrell Williams","Williams","7.050000190734863","2","5800","LAC@LAR","LAC","LAR","","","","",""
"28399-33260","WR","DeVante","DeVante Parker","Parker","7.8076923076923075","13","5800","OAK@MIA","MIA","OAK","Q","Finger","","",""
"28399-32243","WR","Marquise","Marquise Goodwin","Goodwin","0","1","5800","SF@KC","SF","KC","Q","Quadriceps","","",""
"28399-27338","RB","Rex","Rex Burkhead","Burkhead","4.800000190734863","2","5800","NE@DET","NE","DET","","","","",""
"28399-40758","RB","Corey","Corey Clement","Clement","9.800000190734863","2","5800","IND@PHI","PHI","IND","","","","",""
"28399-39793","TE","George","George Kittle","Kittle","7.349999904632568","2","5800","SF@KC","SF","KC","","","","",""
"28399-41872","TE","Evan","Evan Engram","Engram","9.5","2","5800","NYG@HOU","NYG","HOU","","","","",""
"28399-54244","WR","Kenny","Kenny Golladay","Golladay","16.399999618530273","2","5800","NE@DET","DET","NE","","","","",""
"28399-14339","RB","Dion","Dion Lewis","Lewis","12.149999618530273","2","5700","TEN@JAC","TEN","JAC","","","","",""
"28399-24755","WR","Jamison","Jamison Crowder","Crowder","4.699999809265137","2","5700","GB@WAS","WAS","GB","","","","",""
"28399-63806","RB","Kerryon","Kerryon Johnson","Johnson","7.150000095367432","2","5700","NE@DET","DET","NE","","","","",""
"28399-30297","TE","Trey","Trey Burton","Burton","6.099999904632568","2","5700","CHI@ARI","CHI","ARI","","","","",""
"28399-26610","WR","Paul","Paul Richardson Jr.","Richardson Jr.","6.25","2","5700","GB@WAS","WAS","GB","","","","",""
"28399-79974","RB","Tarik","Tarik Cohen","Cohen","4.300000190734863","2","5600","CHI@ARI","CHI","ARI","Q","Ankle","","",""
"28399-80001","RB","Austin","Austin Ekeler","Ekeler","16.200000762939453","2","5600","LAC@LAR","LAC","LAR","","","","",""
"28399-39286","TE","O.J.","O.J. Howard","Howard","11.75","2","5600","PIT@TB","TB","PIT","","","","",""
"28399-53640","RB","Sony","Sony Michel","Michel","4.599999904632568","1","5600","NE@DET","NE","DET","","","","",""
"28399-31269","RB","Corey","Corey Grant","Grant","5.099999904632568","2","5600","TEN@JAC","JAC","TEN","","","","",""
"28399-7761","TE","Jared","Jared Cook","Cook","14.699999809265137","2","5600","OAK@MIA","OAK","MIA","","","","",""
"28399-6774","WR","Pierre","Pierre Garcon","Garcon","5.400000095367432","2","5600","SF@KC","SF","KC","","","","",""
"28399-22288","WR","Cole","Cole Beasley","Beasley","6.550000190734863","2","5600","DAL@SEA","DAL","SEA","","","","",""
"28399-41867","RB","Jordan","Jordan Wilkins","Wilkins","7.5","2","5600","IND@PHI","IND","PHI","","","","",""
"28399-63625","RB","Nyheim","Nyheim Hines","Hines","7.849999904632568","2","5500","IND@PHI","IND","PHI","","","","",""
"28399-60910","WR","Dede","Dede Westbrook","Westbrook","11.649999618530273","2","5500","TEN@JAC","JAC","TEN","","","","",""
"28399-45631","RB","Jamaal","Jamaal Williams","Williams","6.650000095367432","2","5500","GB@WAS","GB","WAS","","","","",""
"28399-22113","RB","Alfred","Alfred Morris","Morris","5.400000095367432","2","5500","SF@KC","SF","KC","","","","",""
"28399-25272","TE","Eric","Eric Ebron","Ebron","11.600000381469727","2","5500","IND@PHI","IND","PHI","","","","",""
"28399-6893","WR","Jordy","Jordy Nelson","Nelson","3.9000000953674316","2","5500","OAK@MIA","OAK","MIA","","","","",""
"28399-32564","WR","Josh","Josh Doctson","Doctson","3.6500000953674316","2","5500","GB@WAS","WAS","GB","","","","",""
"28399-15212","WR","Terrelle","Terrelle Pryor","Pryor","8.399999618530273","2","5500","NYJ@CLE","NYJ","CLE","","","","",""
"28399-24675","WR","Martavis","Martavis Bryant","Bryant","5","1","5400","OAK@MIA","OAK","MIA","","","","",""
"28399-25760","WR","Allen","Allen Hurns","Hurns","1.9500000476837158","2","5400","DAL@SEA","DAL","SEA","","","","",""
"28399-24929","WR","Kelvin","Kelvin Benjamin","Benjamin","5.199999809265137","2","5400","BUF@MIN","BUF","MIN","","","","",""
"28399-44449","WR","Willie","Willie Snead IV","Snead IV","10.399999618530273","2","5400","DEN@BAL","BAL","DEN","","","","",""
"28399-60858","WR","Christian","Christian Kirk","Kirk","2.799999952316284","2","5400","CHI@ARI","ARI","CHI","","","","",""
"28399-22054","WR","Jarius","Jarius Wright","Wright","9.25","2","5400","CIN@CAR","CAR","CIN","","","","",""
"28399-33465","RB","Theo","Theo Riddick","Riddick","7.599999904632568","2","5400","NE@DET","DET","NE","","","","",""
"28399-31561","WR","Donte","Donte Moncrief","Moncrief","6.650000095367432","2","5400","TEN@JAC","JAC","TEN","","","","",""
"28399-39829","WR","Mike","Mike Williams","Williams","10.149999618530273","2","5400","LAC@LAR","LAC","LAR","","","","",""
"28399-41936","WR","Anthony","Anthony Miller","Miller","5.25","2","5400","CHI@ARI","CHI","ARI","","","","",""
"28399-31836","WR","Terrance","Terrance Williams","Williams","1.399999976158142","2","5300","DAL@SEA","DAL","SEA","","","","",""
"28399-6607","WR","Mike","Mike Wallace","Wallace","0","1","5300","IND@PHI","PHI","IND","O","Ankle","","",""
"28399-22018","WR","Mohamed","Mohamed Sanu","Sanu","3.1500000953674316","2","5300","NO@ATL","ATL","NO","","","","",""
"28399-11779","RB","LeGarrette","LeGarrette Blount","Blount","1.850000023841858","2","5300","NE@DET","DET","NE","","","","",""
"28399-29249","RB","C.J.","C.J. Anderson","Anderson","3.299999952316284","2","5300","CIN@CAR","CAR","CIN","","","","",""
"28399-63043","WR","D.J.","D.J. Moore","Moore","6.300000190734863","2","5300","CIN@CAR","CAR","CIN","","","","",""
"28399-6840","RB","Frank","Frank Gore","Gore","5.5","2","5300","OAK@MIA","MIA","OAK","","","","",""
"28399-55335","TE","David","David Njoku","Njoku","3.4000000953674316","2","5200","NYJ@CLE","CLE","NYJ","","","","",""
"28399-40126","TE","Austin","Austin Hooper","Hooper","9.149999618530273","2","5200","NO@ATL","ATL","NO","","","","",""
"28399-56698","WR","Dante","Dante Pettis","Pettis","8.550000190734863","2","5200","SF@KC","SF","KC","","","","",""
"28399-34331","RB","Latavius","Latavius Murray","Murray","3.049999952316284","2","5200","BUF@MIN","MIN","BUF","","","","",""
"28399-39580","RB","Devontae","Devontae Booker","Booker","2.0999999046325684","2","5200","DEN@BAL","DEN","BAL","","","","",""
"28399-39859","TE","Jack","Jack Doyle","Doyle","5.25","2","5200","IND@PHI","IND","PHI","","","","",""
"28399-31732","WR","Corey","Corey Coleman","Coleman","6","9","5200","NE@DET","NE","DET","","","","",""
"28399-40977","TE","Ricky","Ricky Seals-Jones","Seals-Jones","3.549999952316284","2","5100","CHI@ARI","ARI","CHI","","","","",""
"28399-29734","RB","Ty","Ty Montgomery","Montgomery","4.150000095367432","2","5100","GB@WAS","GB","WAS","","","","",""
"28399-69956","WR","Michael","Michael Gallup","Gallup","1.2000000476837158","2","5100","DAL@SEA","DAL","SEA","","","","",""
"28399-55748","WR","James","James Washington","Washington","7.900000095367432","1","5100","PIT@TB","PIT","TB","","","","",""
"28399-21970","RB","Doug","Doug Martin","Martin","2.799999952316284","2","5100","OAK@MIA","OAK","MIA","","","","",""
"28399-41475","WR","John","John Ross","Ross","3.9000000953674316","2","5100","CIN@CAR","CIN","CAR","","","","",""
"28399-11864","RB","Chris","Chris Ivory","Ivory","5.25","2","5100","BUF@MIN","BUF","MIN","","","","",""
"28399-33557","TE","Tyler","Tyler Eifert","Eifert","4.599999904632568","2","5100","CIN@CAR","CIN","CAR","","","","",""
"28399-8117","WR","Danny","Danny Amendola","Amendola","4.900000095367432","2","5100","OAK@MIA","MIA","OAK","","","","",""
"28399-64555","WR","Calvin","Calvin Ridley","Ridley","7.349999904632568","2","5000","NO@ATL","ATL","NO","","","","",""
"28399-83081","RB","Chase","Chase Edmonds","Edmonds","5.650000095367432","2","5000","CHI@ARI","ARI","CHI","","","","",""
"28399-48344","WR","Albert","Albert Wilson","Wilson","8.649999618530273","2","5000","OAK@MIA","MIA","OAK","","","","",""
"28399-12554","D","Jacksonville","Jacksonville Jaguars","Jaguars","9","2","5000","TEN@JAC","JAC","TEN","","","","",""
"28399-52560","WR","Geronimo","Geronimo Allison","Allison","12.399999618530273","2","5000","GB@WAS","GB","WAS","","","","",""
"28399-54753","WR","Taylor","Taylor Gabriel","Gabriel","5.849999904632568","2","5000","CHI@ARI","CHI","ARI","","","","",""
"28399-32234","RB","Malcolm","Malcolm Brown","Brown","4.949999809265137","2","5000","LAC@LAR","LAR","LAC","","","","",""
"28399-27229","RB","Ameer","Ameer Abdullah","Abdullah","7.992857251848493","14","5000","NE@DET","DET","NE","","","","",""
"28399-22163","WR","Rishard","Rishard Matthews","Matthews","0.8999999761581421","2","5000","TEN@JAC","TEN","JAC","","","","",""
"28399-31406","RB","Alfred","Alfred Blue","Blue","6.599999904632568","2","5000","NYG@HOU","HOU","NYG","","","","",""
"28399-22219","WR","Jermaine","Jermaine Kearse","Kearse","0.4000000059604645","1","5000","NYJ@CLE","NYJ","CLE","","","","",""
"28399-6914","TE","Greg","Greg Olsen","Olsen","4.300000190734863","1","5000","CIN@CAR","CAR","CIN","O","Foot","","",""
"28399-7972","RB","Darren","Darren Sproles","Sproles","5.199999809265137","1","5000","IND@PHI","PHI","IND","Q","Hamstring","","",""
"28399-28545","RB","Rod","Rod Smith","Smith","0.5","1","5000","DAL@SEA","DAL","SEA","","","","",""
"28399-62538","WR","Cameron","Cameron Meredith","Meredith","0","0","4900","NO@ATL","NO","ATL","","","","",""
"28399-12540","D","Minnesota","Minnesota Vikings","Vikings","11","2","4900","BUF@MIN","MIN","BUF","","","","",""
"28399-62791","RB","Mark","Mark Walton","Walton","0","0","4900","CIN@CAR","CIN","CAR","","","","",""
"28399-7870","TE","Benjamin","Benjamin Watson","Watson","4.900000095367432","2","4900","NO@ATL","NO","ATL","","","","",""
"28399-70372","WR","Chester","Chester Rogers","Rogers","3.25","2","4900","IND@PHI","IND","PHI","","","","",""
"28399-33703","WR","Ryan","Ryan Grant","Grant","6.949999809265137","2","4900","IND@PHI","IND","PHI","","","","",""
"28399-29645","RB","Javorius","Javorius Allen","Allen","12.300000190734863","2","4900","DEN@BAL","BAL","DEN","","","","",""
"28399-14288","WR","Torrey","Torrey Smith","Smith","6.400000095367432","2","4900","CIN@CAR","CAR","CIN","","","","",""
"28399-14362","TE","Charles","Charles Clay","Clay","1.9500000476837158","2","4800","BUF@MIN","BUF","MIN","","","","",""
"28399-63591","RB","Ronald","Ronald Jones II","Jones II","0","0","4800","PIT@TB","TB","PIT","","","","",""
"28399-11495","WR","Brandon","Brandon LaFell","LaFell","6.175000190734863","16","4800","OAK@MIA","OAK","MIA","","","","",""
"28399-25837","RB","Duke","Duke Johnson Jr.","Johnson Jr.","2.5","2","4800","NYJ@CLE","CLE","NYJ","","","","",""
"28399-43413","RB","Kenneth","Kenneth Dixon","Dixon","10.399999618530273","1","4800","DEN@BAL","BAL","DEN","IR","Knee","","",""
"28399-54741","WR","Seth","Seth Roberts","Roberts","6.699999809265137","2","4800","OAK@MIA","OAK","MIA","","","","",""
"28399-22035","WR","Travis","Travis Benjamin","Benjamin","2.5","1","4800","LAC@LAR","LAC","LAR","Q","Foot","","",""
"28399-53913","WR","Cody","Cody Hollister","Hollister","0","0","4800","NE@DET","NE","DET","O","Back","","",""
"28399-7965","TE","Antonio","Antonio Gates","Gates","2.299999952316284","2","4800","LAC@LAR","LAC","LAR","","","","",""
"28399-38753","TE","Jake","Jake Butt","Butt","5.349999904632568","2","4800","DEN@BAL","DEN","BAL","","","","",""
"28399-57403","WR","Courtland","Courtland Sutton","Sutton","3.450000047683716","2","4700","DEN@BAL","DEN","BAL","","","","",""
"28399-12538","D","Los Angeles","Los Angeles Rams","Rams","15","2","4700","LAC@LAR","LAR","LAC","","","","",""
"28399-53562","RB","Nick","Nick Chubb","Chubb","1.75","2","4700","NYJ@CLE","CLE","NYJ","","","","",""
"28399-41305","WR","Zay","Zay Jones","Jones","5.699999809265137","2","4700","BUF@MIN","BUF","MIN","","","","",""
"28399-22898","RB","Brandon","Brandon Bolden","Bolden","2.633333365122477","3","4700","OAK@MIA","MIA","OAK","","","","",""
"28399-22959","WR","Deonte","Deonte Thompson","Thompson","4.75","2","4700","DAL@SEA","DAL","SEA","","","","",""
"28399-6733","RB","Jonathan","Jonathan Stewart","Stewart","0.44999998807907104","2","4700","NYG@HOU","NYG","HOU","","","","",""
"28399-32418","RB","Christine","Christine Michael","Michael","0.8999999761581421","1","4700","IND@PHI","IND","PHI","","","","",""
"28399-40669","WR","Tyler","Tyler Boyd","Boyd","11.100000381469727","2","4700","CIN@CAR","CIN","CAR","","","","",""
"28399-30733","WR","Cordarrelle","Cordarrelle Patterson","Patterson","3.0999999046325684","2","4600","NE@DET","NE","DET","","","","",""
"28399-28694","TE","Jesse","Jesse James","James","14.899999618530273","2","4600","PIT@TB","PIT","TB","","","","",""
"28399-24671","WR","Adam","Adam Humphries","Humphries","2.75","2","4600","PIT@TB","TB","PIT","","","","",""
"28399-79983","RB","De'Angelo","De'Angelo Henderson","Henderson","3.9666665395100913","3","4600","NYJ@CLE","NYJ","CLE","","","","",""
"28399-32045","TE","Vance","Vance McDonald","McDonald","4.099999904632568","1","4600","PIT@TB","PIT","TB","","","","",""
"28399-34154","WR","J.J.","J.J. Nelson","Nelson","0","1","4600","CHI@ARI","ARI","CHI","","","","",""
"28399-33137","WR","Justin","Justin Hardy","Hardy","0","2","4600","NO@ATL","ATL","NO","","","","",""
"28399-38264","WR","Demarcus","Demarcus Robinson","Robinson","6.800000190734863","1","4600","SF@KC","KC","SF","","","","",""
"28399-56708","TE","Will","Will Dissly","Dissly","14.850000381469727","2","4600","DAL@SEA","SEA","DAL","","","","",""
"28399-16923","TE","Austin","Austin Seferian-Jenkins","Seferian-Jenkins","6.900000095367432","2","4600","TEN@JAC","JAC","TEN","","","","",""
"28399-30237","RB","Mike","Mike Gillislee","Gillislee","0.3499999940395355","2","4600","NO@ATL","NO","ATL","","","","",""
"28399-33472","RB","C.J.","C.J. Prosise","Prosise","3.700000047683716","1","4600","DAL@SEA","SEA","DAL","","","","",""
"28399-52931","RB","Elijhaa","Elijhaa Penny","Penny","4.314285823277065","7","4600","CHI@ARI","ARI","CHI","","","","",""
"28399-31459","RB","Spencer","Spencer Ware","Ware","2.4000000953674316","2","4600","SF@KC","KC","SF","","","","",""
"28399-33578","RB","Jalen","Jalen Richard","Richard","6.349999904632568","2","4600","OAK@MIA","OAK","MIA","","","","",""
"28399-41806","WR","Laquon","Laquon Treadwell","Treadwell","6.050000190734863","2","4600","BUF@MIN","MIN","BUF","","","","",""
"28399-39818","RB","Wayne","Wayne Gallman Jr.","Gallman Jr.","1.7999999523162842","2","4600","NYG@HOU","NYG","HOU","","","","",""
"28399-30709","WR","Bruce","Bruce Ellington","Ellington","8.850000381469727","2","4600","NYG@HOU","HOU","NYG","","","","",""
"28399-14336","RB","Jacquizz","Jacquizz Rodgers","Rodgers","2.950000047683716","2","4500","PIT@TB","TB","PIT","","","","",""
"28399-46088","RB","Jhurell","Jhurell Pressley","Pressley","0","0","4500","NYG@HOU","NYG","HOU","","","","",""
"28399-24589","WR","Jaron","Jaron Brown","Brown","3.1500000953674316","2","4500","DAL@SEA","SEA","DAL","","","","",""
"28399-23569","TE","Rico","Rico Gathers","Gathers","0","1","4500","DAL@SEA","DAL","SEA","","","","",""
"28399-14358","WR","Dwayne","Dwayne Harris","Harris","0","1","4500","OAK@MIA","OAK","MIA","Q","Foot","","",""
"28399-55323","RB","Jaylen","Jaylen Samuels","Samuels","0","0","4500","PIT@TB","PIT","TB","","","","",""
"28399-32804","WR","Dres","Dres Anderson","Anderson","0","0","4500","DAL@SEA","DAL","SEA","","","","",""
"28399-56356","WR","Isaiah","Isaiah Ford","Ford","0","0","4500","OAK@MIA","MIA","OAK","","","","",""
"28399-56358","WR","Cam","Cam Phillips","Phillips","0","0","4500","BUF@MIN","BUF","MIN","","","","",""
"28399-24621","WR","Charone","Charone Peake","Peake","0.800000011920929","1","4500","NYJ@CLE","NYJ","CLE","","","","",""
"28399-25654","RB","Tommy","Tommy Bohanon","Bohanon","2.5799999237060547","10","4500","TEN@JAC","JAC","TEN","","","","",""
"28399-30775","WR","Justin","Justin Hunter","Hunter","1.100000023841858","1","4500","PIT@TB","PIT","TB","","","","",""
"28399-28744","RB","Raheem","Raheem Mostert","Mostert","0.25","4","4500","SF@KC","SF","KC","","","","",""
"28399-41042","WR","Marcell","Marcell Ateman","Ateman","0","0","4500","OAK@MIA","OAK","MIA","","","","",""
"28399-57432","WR","Cameron","Cameron Batson","Batson","0","0","4500","TEN@JAC","TEN","JAC","","","","",""
"28399-79972","WR","Chad","Chad Williams","Williams","0","2","4500","CHI@ARI","ARI","CHI","","","","",""
"28399-65646","WR","Julian","Julian Williams","Williams","0","0","4500","NO@ATL","ATL","NO","","","","",""
"28399-79982","RB","Alex","Alex Armah","Armah","3.25","2","4500","CIN@CAR","CAR","CIN","","","","",""
"28399-79987","WR","David","David Moore","Moore","0","1","4500","DAL@SEA","SEA","DAL","","","","",""
"28399-52345","WR","Brandon","Brandon Powell","Powell","0","0","4500","NE@DET","DET","NE","","","","",""
"28399-27771","WR","Cody","Cody Latimer","Latimer","2.549999952316284","2","4500","NYG@HOU","NYG","HOU","","","","",""
"28399-42107","WR","Robert","Robert Foster","Foster","2","2","4500","BUF@MIN","BUF","MIN","","","","",""
"28399-84098","WR","Jawill","Jawill Davis","Davis","0","0","4500","NYG@HOU","NYG","HOU","","","","",""
"28399-84101","WR","Vyncint","Vyncint Smith","Smith","0","1","4500","NYG@HOU","HOU","NYG","","","","",""
"28399-83083","WR","Justin","Justin Watson","Watson","0","0","4500","PIT@TB","TB","PIT","","","","",""
"28399-53390","WR","Zach","Zach Pascal","Pascal","1.149999976158142","2","4500","IND@PHI","IND","PHI","","","","",""
"28399-83086","WR","Reece","Reece Fountain","Fountain","0","0","4500","IND@PHI","IND","PHI","","","","",""
"28399-47249","WR","Darvin","Darvin Kidsy","Kidsy","0","0","4500","GB@WAS","WAS","GB","","","","",""
"28399-83091","RB","Trenton","Trenton Cannon","Cannon","2.5999999046325684","1","4500","NYJ@CLE","NYJ","CLE","","","","",""
"28399-52371","RB","Kalen","Kalen Ballage","Ballage","0","0","4500","OAK@MIA","MIA","OAK","","","","",""
"28399-28827","RB","Dare","Dare Ogunbowale","Ogunbowale","0","0","4500","PIT@TB","TB","PIT","","","","",""
"28399-84122","RB","Detrez","Detrez Newsome","Newsome","0","1","4500","LAC@LAR","LAC","LAR","","","","",""
"28399-84124","WR","J.J.","J.J. Jones","Jones","-1","2","4500","LAC@LAR","LAC","LAR","","","","",""
"28399-46244","RB","Donnel","Donnel Pumphrey","Pumphrey","0","0","4500","NE@DET","DET","NE","","","","",""
"28399-62628","WR","DeAndre","DeAndre Carter","Carter","1.5","1","4500","IND@PHI","PHI","IND","","","","",""
"28399-65706","WR","Deontay","Deontay Burnett","Burnett","0","0","4500","NYJ@CLE","NYJ","CLE","","","","",""
"28399-83122","WR","Dorren","Dorren Miller","Miller","0","0","4500","IND@PHI","PHI","IND","","","","",""
"28399-40118","WR","Steven","Steven Mitchell Jr.","Mitchell Jr.","0","0","4500","LAC@LAR","LAR","LAC","","","","",""
"28399-52410","WR","Josh","Josh Malone","Malone","0","1","4500","CIN@CAR","CIN","CAR","","","","",""
"28399-83136","WR","Jalen","Jalen Tolliver","Tolliver","0","0","4500","CHI@ARI","ARI","CHI","","","","",""
"28399-41155","RB","Taquan","Taquan Mizzell","Mizzell","0","0","4500","CHI@ARI","CHI","ARI","","","","",""
"28399-83140","RB","Christopher","Christopher Ezeala","Ezeala","0","0","4500","DEN@BAL","BAL","DEN","","","","",""
"28399-28890","RB","Derek","Derek Watt","Watt","0.10000000149011612","1","4500","LAC@LAR","LAC","LAR","Q","Thumb","","",""
"28399-55514","RB","Buddy","Buddy Howell","Howell","0","0","4500","NYG@HOU","HOU","NYG","","","","",""
"28399-22754","TE","Garrett","Garrett Celek","Celek","9.199999809265137","1","4500","SF@KC","SF","KC","","","","",""
"28399-52451","RB","Samaje","Samaje Perine","Perine","7.5","13","4500","GB@WAS","WAS","GB","","","","",""
"28399-40164","WR","Shelton","Shelton Gibson","Gibson","0","2","4500","IND@PHI","PHI","IND","","","","",""
"28399-40167","RB","Gus","Gus Edwards","Edwards","0","0","4500","DEN@BAL","BAL","DEN","","","","",""
"28399-64744","RB","Josh","Josh Adams","Adams","0","0","4500","IND@PHI","PHI","IND","","","","",""
"28399-40170","WR","Stacy","Stacy Coley","Coley","0","1","4500","BUF@MIN","MIN","BUF","","","","",""
"28399-28907","WR","Alex","Alex Erickson","Erickson","0","2","4500","CIN@CAR","CIN","CAR","","","","",""
"28399-11504","WR","Andre","Andre Roberts","Roberts","3.0999999046325684","2","4500","NYJ@CLE","NYJ","CLE","","","","",""
"28399-45299","RB","David","David Fluellen","Fluellen","0.6999999682108561","3","4500","TEN@JAC","TEN","JAC","Q","Undisclosed","","",""
"28399-44280","WR","JoJo","JoJo Natson Jr.","Natson Jr.","0","1","4500","LAC@LAR","LAR","LAC","","","","",""
"28399-53498","WR","Richie","Richie James Jr.","James Jr.","0","0","4500","SF@KC","SF","KC","","","","",""
"28399-41211","WR","Janarion","Janarion Grant","Grant","0","2","4500","DEN@BAL","BAL","DEN","","","","",""
"28399-29949","WR","Marvin","Marvin Hall","Hall","3.5","1","4500","NO@ATL","ATL","NO","","","","",""
"28399-45309","WR","Alonzo","Alonzo Russell","Russell","0","0","4500","NYG@HOU","NYG","HOU","","","","",""
"28399-32000","TE","Luke","Luke Willson","Willson","0.8999999761581421","2","4500","NE@DET","DET","NE","","","","",""
"28399-55552","RB","Jeff","Jeff Wilson","Wilson","0","0","4500","SF@KC","SF","KC","","","","",""
"28399-56580","WR","Christian","Christian Blake","Blake","0","0","4500","NO@ATL","ATL","NO","","","","",""
"28399-41221","WR","Andre","Andre Patton","Patton","0","0","4500","LAC@LAR","LAC","LAR","","","","",""
"28399-22800","RB","Derrick","Derrick Coleman","Coleman","0.10000000149011612","1","4500","CHI@ARI","ARI","CHI","","","","",""
"28399-83221","RB","De'Lance","De'Lance Turner","Turner","0","0","4500","DEN@BAL","BAL","DEN","","","","",""
"28399-33047","WR","Chris","Chris Moore","Moore","1.5499999523162842","2","4500","DEN@BAL","BAL","DEN","","","","",""
"28399-34073","TE","Ryan","Ryan Griffin","Griffin","1.2000000476837158","2","4500","NYG@HOU","HOU","NYG","","","","",""
"28399-68890","WR","Devin","Devin Gray","Gray","0","0","4500","NO@ATL","ATL","NO","","","","",""
"28399-24862","WR","Rashad","Rashad Greene Sr.","Greene Sr.","0","0","4500","TEN@JAC","JAC","TEN","","","","",""
"28399-29985","WR","Jaydon","Jaydon Mickens","Mickens","0","2","4500","TEN@JAC","JAC","TEN","","","","",""
"28399-46374","WR","Tanner","Tanner Gentry","Gentry","1.25","4","4500","CHI@ARI","CHI","ARI","","","","",""
"28399-31015","WR","DeAndrew","DeAndrew White","White","1.4500000476837158","2","4500","CIN@CAR","CAR","CIN","","","","",""
"28399-27947","WR","Riley","Riley McCarron","McCarron","-2","1","4500","NE@DET","NE","DET","","","","",""
"28399-85306","WR","KhaDarel","KhaDarel Hodge","Hodge","0","0","4500","LAC@LAR","LAR","LAC","","","","",""
"28399-64841","WR","Equanimeous","Equanimeous St. Brown","St. Brown","0","0","4500","GB@WAS","GB","WAS","","","","",""
"28399-34125","WR","Geremy","Geremy Davis","Davis","0","0","4500","LAC@LAR","LAC","LAR","","","","",""
"28399-14683","RB","Patrick","Patrick DiMarco","DiMarco","2.9000000953674316","1","4500","BUF@MIN","BUF","MIN","","","","",""
"28399-41319","WR","Jeff","Jeff Badet","Badet","0","0","4500","BUF@MIN","MIN","BUF","","","","",""
"28399-40298","WR","Derrick","Derrick Willies","Willies","0","0","4500","NYJ@CLE","CLE","NYJ","","","","",""
"28399-38269","RB","Cameron","Cameron Artis-Payne","Artis-Payne","3.2400001525878905","5","4500","CIN@CAR","CAR","CIN","","","","",""
"28399-55684","RB","Roc","Roc Thomas","Thomas","0","0","4500","BUF@MIN","MIN","BUF","","","","",""
"28399-52613","WR","Curtis","Curtis Samuel","Samuel","3.174999952316284","8","4500","CIN@CAR","CAR","CIN","Q","Chest","","",""
"28399-29064","WR","Trey","Trey Griffey","Griffey","0","0","4500","PIT@TB","PIT","TB","","","","",""
"28399-55689","RB","Ito","Ito Smith","Smith","5.900000095367432","1","4500","NO@ATL","ATL","NO","","","","",""
"28399-55694","WR","Michael","Michael Thomas","Thomas","2.3600000381469726","5","4500","LAC@LAR","LAR","LAC","IR","Hip","","",""
"28399-43416","WR","Trent","Trent Taylor","Taylor","2.4000000953674316","2","4500","SF@KC","SF","KC","","","","",""
"28399-80289","WR","Kendrick","Kendrick Bourne","Bourne","3.450000047683716","2","4500","SF@KC","SF","KC","","","","",""
"28399-28065","WR","Jehu","Jehu Chesson","Chesson","0","1","4500","GB@WAS","WAS","GB","","","","",""
"28399-32161","WR","Gehrig","Gehrig Dieter","Dieter","0","0","4500","SF@KC","KC","SF","","","","",""
"28399-54690","WR","Freddie","Freddie Martino","Martino","0","1","4500","PIT@TB","TB","PIT","","","","",""
"28399-47523","WR","Tajae","Tajae Sharpe","Sharpe","2.049999952316284","2","4500","TEN@JAC","TEN","JAC","","","","",""
"28399-80294","TE","Anthony","Anthony Firkser","Firkser","0","0","4500","TEN@JAC","TEN","JAC","","","","",""
"28399-14761","WR","Andre","Andre Holmes","Holmes","0.949999988079071","2","4500","BUF@MIN","BUF","MIN","","","","",""
"28399-43433","RB","Boston","Boston Scott","Scott","0","0","4500","NO@ATL","NO","ATL","","","","",""
"28399-80299","RB","Patrick","Patrick Ricard","Ricard","3.799999952316284","4","4500","DEN@BAL","BAL","DEN","","","","",""
"28399-26038","TE","Tyler","Tyler Kroft","Kroft","1.75","2","4500","CIN@CAR","CIN","CAR","","","","",""
"28399-32185","RB","Zach","Zach Line","Line","0.44999998807907104","2","4500","NO@ATL","NO","ATL","","","","",""
"28399-26045","WR","Leonte","Leonte Carroo","Carroo","2.5999999046325684","4","4500","OAK@MIA","MIA","OAK","","","","",""
"28399-60861","WR","Damion","Damion Ratley","Ratley","0","0","4500","NYJ@CLE","CLE","NYJ","","","","",""
"28399-53697","WR","Kaelin","Kaelin Clay","Clay","-1","2","4500","NYG@HOU","NYG","HOU","Q","Ankle","","",""
"28399-55750","WR","Chris","Chris Lacy","Lacy","0","0","4500","NE@DET","DET","NE","","","","",""
"28399-26057","RB","Michael","Michael Burton","Burton","1.100000023841858","1","4500","CHI@ARI","CHI","ARI","","","","",""
"28399-28106","RB","Joe","Joe Kerridge","Kerridge","0.800000011920929","1","4500","GB@WAS","GB","WAS","","","","",""
"28399-57803","WR","Jordan","Jordan Lasley","Lasley","0","0","4500","DEN@BAL","BAL","DEN","","","","",""
"28399-31184","RB","Jonathan","Jonathan Williams","Williams","-0.05000000074505806","2","4500","NO@ATL","NO","ATL","","","","",""
"28399-21972","WR","Brian","Brian Quick","Quick","2.1200000762939455","5","4500","GB@WAS","WAS","GB","","","","",""
"28399-27096","WR","Marcus","Marcus Lucas","Lucas","0","0","4500","DAL@SEA","SEA","DAL","","","","",""
"28399-40410","WR","Josh","Josh Smith","Smith","0","0","4500","NO@ATL","NO","ATL","","","","",""
"28399-33244","WR","Eli","Eli Rogers","Rogers","2.324999968210856","12","4500","PIT@TB","PIT","TB","NA","Knee - acl","","",""
"28399-80353","TE","Robert","Robert Tonyan","Tonyan","0","0","4500","GB@WAS","GB","WAS","","","","",""
"28399-14820","RB","Nick","Nick Bellore","Bellore","6.599999904632568","1","4500","NE@DET","DET","NE","","","","",""
"28399-56809","WR","Allen","Allen Lazard","Lazard","0","0","4500","TEN@JAC","JAC","TEN","","","","",""
"28399-32235","WR","Marcus","Marcus Johnson","Johnson","0.8333333333333334","6","4500","IND@PHI","IND","PHI","","","","",""
"28399-40434","WR","Greg","Greg Ward Jr.","Ward Jr.","0","0","4500","IND@PHI","PHI","IND","","","","",""
"28399-41459","RB","Keith","Keith Ford","Ford","0","0","4500","BUF@MIN","BUF","MIN","","","","",""
"28399-54782","TE","Cameron","Cameron Brate","Brate","0","1","4500","PIT@TB","TB","PIT","","","","",""
"28399-39428","RB","Kyle","Kyle Juszczyk","Juszczyk","4.449999809265137","2","4500","SF@KC","SF","KC","","","","",""
"28399-23046","RB","Jamize","Jamize Olawale","Olawale","2.7666667302449546","6","4500","DAL@SEA","DAL","SEA","","","","",""
"28399-31241","WR","Sammie","Sammie Coates Jr.","Coates Jr.","0","1","4500","NYG@HOU","HOU","NYG","Q","Hamstring","","",""
"28399-6672","TE","Marcedes","Marcedes Lewis","Lewis","0","1","4500","GB@WAS","GB","WAS","","","","",""
"28399-29201","WR","Maurice","Maurice Harris","Harris","3.549999952316284","4","4500","GB@WAS","WAS","GB","Q","Concussion","","",""
"28399-64031","TE","Hayden","Hayden Hurst","Hurst","0","0","4500","DEN@BAL","BAL","DEN","O","Foot","","",""
"28399-44583","WR","Teo","Teo Redding","Redding","0","0","4500","GB@WAS","WAS","GB","","","","",""
"28399-33320","RB","Senorise","Senorise Perry","Perry","0.7599999904632568","5","4500","OAK@MIA","MIA","OAK","","","","",""
"28399-38441","RB","Justin","Justin Davis","Davis","0.10000000149011612","1","4500","LAC@LAR","LAR","LAC","","","","",""
"28399-46633","WR","Keenan","Keenan Reynolds","Reynolds","0","0","4500","DAL@SEA","SEA","DAL","","","","",""
"28399-57900","RB","Quinton","Quinton Flowers","Flowers","0","0","4500","CIN@CAR","CIN","CAR","","","","",""
"28399-14905","WR","Kamar","Kamar Aiken","Aiken","6.400000095367432","1","4500","IND@PHI","PHI","IND","","","","",""
"28399-27199","RB","Marcus","Marcus Murphy","Murphy","2.450000047683716","2","4500","BUF@MIN","BUF","MIN","","","","",""
"28399-64070","WR","Tim","Tim White","White","0","0","4500","DEN@BAL","BAL","DEN","","","","",""
"28399-12872","RB","James","James Develin","Develin","2.0999999046325684","2","4500","NE@DET","NE","DET","","","","",""
"28399-52808","RB","Dontrell","Dontrell Hilliard","Hilliard","0","0","4500","NYJ@CLE","CLE","NYJ","","","","",""
"28399-32331","RB","Tra","Tra Carson","Carson","0","0","4500","CIN@CAR","CIN","CAR","","","","",""
"28399-47695","RB","Jordan","Jordan Chunn","Chunn","0","0","4500","DAL@SEA","DAL","SEA","","","","",""
"28399-41552","WR","Dylan","Dylan Cantrell","Cantrell","0","0","4500","LAC@LAR","LAC","LAR","","","","",""
"28399-31329","WR","Russell","Russell Shepard","Shepard","0","1","4500","NYG@HOU","NYG","HOU","","","","",""
"28399-56931","RB","Robert","Robert Martin","Martin","0","0","4500","NYG@HOU","NYG","HOU","","","","",""
"28399-62055","WR","Ray-Ray","Ray-Ray McCloud III","McCloud III","0","0","4500","BUF@MIN","BUF","MIN","Q","Knee","","",""
"28399-7784","WR","Darrius","Darrius Heyward-Bey","Heyward-Bey","2.9799999237060546","5","4500","PIT@TB","PIT","TB","","","","",""
"28399-55912","WR","Saeed","Saeed Blacknall","Blacknall","0","0","4500","OAK@MIA","OAK","MIA","","","","",""
"28399-38509","RB","Wendell","Wendell Smallwood","Smallwood","1.5","1","4500","IND@PHI","PHI","IND","","","","",""
"28399-38514","WR","Kevin","Kevin White","White","1.600000023841858","1","4500","CHI@ARI","CHI","ARI","","","","",""
"28399-45683","RB","Kapri","Kapri Bibbs","Bibbs","11.233333587646484","3","4500","GB@WAS","WAS","GB","","","","",""
"28399-33403","WR","Tevin","Tevin Jones","Jones","0","0","4500","PIT@TB","PIT","TB","","","","",""
"28399-27273","RB","Andy","Andy Janovich","Janovich","1.600000023841858","1","4500","DEN@BAL","DEN","BAL","","","","",""
"28399-33424","WR","Mose","Mose Frazier","Frazier","0","0","4500","CIN@CAR","CAR","CIN","","","","",""
"28399-56977","WR","Simmie","Simmie Cobbs Jr.","Cobbs Jr.","0","0","4500","GB@WAS","WAS","GB","","","","",""
"28399-40602","WR","Kermit","Kermit Whitfield","Whitfield","0","0","4500","CIN@CAR","CIN","CAR","","","","",""
"28399-52897","RB","Darrel","Darrel Williams","Williams","0","0","4500","SF@KC","KC","SF","","","","",""
"28399-80546","TE","Dan","Dan Arnold","Arnold","0","0","4500","NO@ATL","NO","ATL","","","","",""
"28399-40612","WR","Bobo","Bobo Wilson","Wilson","3.0333334604899087","3","4500","PIT@TB","TB","PIT","","","","",""
"28399-47780","WR","Taywan","Taywan Taylor","Taylor","5.349999904632568","2","4500","TEN@JAC","TEN","JAC","","","","",""
"28399-29351","WR","De'Anthony","De'Anthony Thomas","Thomas","3.299999952316284","2","4500","SF@KC","KC","SF","","","","",""
"28399-84648","WR","Josh","Josh Crockett","Crockett","0","0","4500","SF@KC","KC","SF","","","","",""
"28399-29357","RB","Kenjon","Kenjon Barner","Barner","1.523076864389273","13","4500","NE@DET","NE","DET","","","","",""
"28399-7856","WR","Matthew","Matthew Slater","Slater","0","0","4500","NE@DET","NE","DET","","","","",""
"28399-52916","WR","Russell","Russell Gage","Gage","0","0","4500","NO@ATL","ATL","NO","Q","Knee","","",""
"28399-52917","WR","D.J.","D.J. Chark Jr.","Chark Jr.","-0.20000000298023224","1","4500","TEN@JAC","JAC","TEN","","","","",""
"28399-58041","RB","Mike","Mike Boone","Boone","0","0","4500","BUF@MIN","MIN","BUF","","","","",""
"28399-71359","WR","Javon","Javon Wims","Wims","0","0","4500","CHI@ARI","CHI","ARI","","","","",""
"28399-30403","WR","Chris","Chris Conley","Conley","4.349999904632568","2","4500","SF@KC","KC","SF","","","","",""
"28399-70341","WR","Moritz","Moritz Boehringer","Boehringer","0","0","4500","CIN@CAR","CIN","CAR","","","","",""
"28399-40647","WR","Marquez","Marquez Valdes-Scantling","Valdes-Scantling","0.4000000059604645","2","4500","GB@WAS","GB","WAS","","","","",""
"28399-80584","WR","Lance","Lance Lenoir","Lenoir","0","0","4500","DAL@SEA","DAL","SEA","","","","",""
"28399-81616","WR","Rashard","Rashard Davis","Davis","0","0","4500","IND@PHI","PHI","IND","","","","",""
"28399-6870","TE","Vernon","Vernon Davis","Davis","1.2999999523162842","2","4500","GB@WAS","WAS","GB","","","","",""
"28399-45791","WR","Rashard","Rashard Higgins","Higgins","5.75","2","4500","NYJ@CLE","CLE","NYJ","","","","",""
"28399-38624","RB","T.J.","T.J. Logan","Logan","0","1","4500","CHI@ARI","ARI","CHI","","","","",""
"28399-39649","RB","Benny","Benny Cunningham","Cunningham","0","1","4500","CHI@ARI","CHI","ARI","","","","",""
"28399-40674","WR","Jester","Jester Weah","Weah","0","0","4500","NYG@HOU","HOU","NYG","","","","",""
"28399-57064","RB","Ryan","Ryan Nall","Nall","0","0","4500","CHI@ARI","CHI","ARI","","","","",""
"28399-38634","WR","Ryan","Ryan Switzer","Switzer","1.600000023841858","2","4500","PIT@TB","PIT","TB","","","","",""
"28399-44784","RB","Darius","Darius Jackson","Jackson","0","0","4500","GB@WAS","GB","WAS","","","","",""
"28399-64242","WR","Keke","Keke Coutee","Coutee","0","0","4500","NYG@HOU","HOU","NYG","Q","Hamstring","","",""
"28399-56051","WR","Caleb","Caleb Scott","Scott","0","0","4500","DAL@SEA","SEA","DAL","","","","",""
"28399-56059","WR","Trent","Trent Sherfield","Sherfield","0","0","4500","CHI@ARI","ARI","CHI","","","","",""
"28399-56064","RB","Bo","Bo Scarbrough","Scarbrough","0","0","4500","DAL@SEA","DAL","SEA","","","","",""
"28399-57091","WR","Tim","Tim Patrick","Patrick","1.5499999523162842","2","4500","DEN@BAL","DEN","BAL","","","","",""
"28399-45835","WR","Da'Mari","Da'Mari Scott","Scott","0","0","4500","NYJ@CLE","CLE","NYJ","","","","",""
"28399-41741","WR","DaeSean","DaeSean Hamilton","Hamilton","0","0","4500","DEN@BAL","DEN","BAL","","","","",""
"28399-33552","WR","TJ","TJ Jones","Jones","1.100000023841858","1","4500","NE@DET","DET","NE","","","","",""
"28399-97046","WR","Frank","Frank Stephens","Stephens","0","0","4500","SF@KC","SF","KC","","","","",""
"28399-29466","RB","Ricky","Ricky Ortiz","Ortiz","0","0","4500","NO@ATL","ATL","NO","","","","",""
"28399-31524","WR","Cody","Cody Core","Core","0","2","4500","CIN@CAR","CIN","CAR","Q","Back","","",""
"28399-82731","WR","Brandon","Brandon Zylstra","Zylstra","0","0","4500","BUF@MIN","MIN","BUF","","","","",""
"28399-28463","WR","Austin","Austin Carr","Carr","1.5","2","4500","NO@ATL","NO","ATL","","","","",""
"28399-55088","WR","Malik","Malik Turner","Turner","0","0","4500","DAL@SEA","SEA","DAL","","","","",""
"28399-27441","RB","Damien","Damien Williams","Williams","0.3499999940395355","2","4500","SF@KC","KC","SF","","","","",""
"28399-43826","WR","Tommylee","Tommylee Lewis","Lewis","0","2","4500","NO@ATL","NO","ATL","Q","Knee","","",""
"28399-22336","WR","Josh","Josh Bellamy","Bellamy","1.100000023841858","1","4500","CHI@ARI","CHI","ARI","","","","",""
"28399-55113","RB","Shaun","Shaun Wilson","Wilson","0.75","2","4500","PIT@TB","TB","PIT","","","","",""
"28399-64339","WR","Auden","Auden Tate","Tate","0","0","4500","CIN@CAR","CIN","CAR","","","","",""
"28399-26458","WR","Tavon","Tavon Austin","Austin","8.25","2","4500","DAL@SEA","DAL","SEA","","","","",""
"28399-58202","RB","Ryan","Ryan Yurachek","Yurachek","0","0","4500","OAK@MIA","OAK","MIA","","","","",""
"28399-44893","RB","Roosevelt","Roosevelt Nix","Nix","2.4000000953674316","1","4500","PIT@TB","PIT","TB","","","","",""
"28399-43870","RB","Joel","Joel Bouagnon","Bouagnon","0","0","4500","GB@WAS","GB","WAS","","","","",""
"28399-70501","RB","C.J.","C.J. Ham","Ham","0.25","2","4500","BUF@MIN","MIN","BUF","","","","",""
"28399-32613","RB","DeAndre","DeAndre Washington","Washington","4.533333333333333","15","4500","OAK@MIA","OAK","MIA","Q","Knee","","",""
"28399-53097","WR","Josh","Josh Reynolds","Reynolds","2.737499952316284","8","4500","LAC@LAR","LAR","LAC","","","","",""
"28399-55153","RB","Garrett","Garrett Dickerson","Dickerson","0","0","4500","NYG@HOU","NYG","HOU","","","","",""
"28399-55165","RB","Justin","Justin Jackson","Jackson","0","0","4500","LAC@LAR","LAC","LAR","","","","",""
"28399-63360","WR","Antonio","Antonio Callaway","Callaway","8.149999618530273","2","4500","NYJ@CLE","CLE","NYJ","","","","",""
"28399-41857","RB","Dalyn","Dalyn Dawkins","Dawkins","0","0","4500","TEN@JAC","TEN","JAC","","","","",""
"28399-43912","WR","Chad","Chad Beebe","Beebe","0","0","4500","BUF@MIN","MIN","BUF","","","","",""
"28399-45964","WR","Marcus","Marcus Kemp","Kemp","0","0","4500","SF@KC","KC","SF","","","","",""
"28399-40866","WR","J'Mon","J'Mon Moore","Moore","0","0","4500","GB@WAS","GB","WAS","","","","",""
"28399-25513","WR","Darius","Darius Jennings","Jennings","6","1","4500","TEN@JAC","TEN","JAC","","","","",""
"28399-34729","RB","Dwayne","Dwayne Washington","Washington","1.3600000381469726","5","4500","NO@ATL","NO","ATL","","","","",""
"28399-56233","WR","Steve","Steve Ishmael","Ishmael","0","0","4500","IND@PHI","IND","PHI","","","","",""
"28399-30635","RB","Mike","Mike Davis","Davis","0.699999988079071","1","4500","DAL@SEA","SEA","DAL","","","","",""
"28399-45997","WR","Keith","Keith Kirkwood","Kirkwood","0","0","4500","NO@ATL","NO","ATL","","","","",""
"28399-29624","RB","Tre","Tre Madden","Madden","1.2000000476837158","1","4500","DAL@SEA","SEA","DAL","","","","",""
"28399-55224","RB","Reggie","Reggie Bonnafon","Bonnafon","0","0","4500","CIN@CAR","CAR","CIN","","","","",""
"28399-43961","RB","Tyler","Tyler Ervin","Ervin","0.8500000238418579","2","4500","NYG@HOU","HOU","NYG","","","","",""
"28399-14268","RB","Stevan","Stevan Ridley","Ridley","1.2000000476837158","1","4500","PIT@TB","PIT","TB","","","","",""
"28399-30652","WR","Tanner","Tanner McEvoy","McEvoy","1.5428571701049805","7","4500","OAK@MIA","MIA","OAK","","","","",""
"28399-32703","WR","Jakeem","Jakeem Grant","Grant","8.25","2","4500","OAK@MIA","MIA","OAK","","","","",""
"28399-43970","RB","Shane","Shane Smith","Smith","0","0","4500","NYG@HOU","NYG","HOU","","","","",""
"28399-43973","RB","Keith","Keith Smith","Smith","2.200000047683716","1","4500","OAK@MIA","OAK","MIA","","","","",""
"28399-57299","TE","Gerald","Gerald Everett","Everett","2.200000047683716","1","4500","LAC@LAR","LAR","LAC","","","","",""
"28399-30678","WR","Damiere","Damiere Byrd","Byrd","0","1","4500","CIN@CAR","CAR","CIN","Q","Knee","","",""
"28399-55257","WR","Steven","Steven Dunbar","Dunbar","0","0","4500","SF@KC","SF","KC","","","","",""
"28399-30684","RB","Brandon","Brandon Wilds","Wilds","0.4000000059604645","1","4500","TEN@JAC","JAC","TEN","","","","",""
"28399-40927","RB","David","David Williams","Williams","0","0","4500","DEN@BAL","DEN","BAL","","","","",""
"28399-33766","RB","Rob","Rob Kelley","Kelley","0.4000000059604645","2","4500","GB@WAS","WAS","GB","IR","Toe","","",""
"28399-14319","RB","Taiwan","Taiwan Jones","Jones","0","1","4500","BUF@MIN","BUF","MIN","Q","Head","","",""
"28399-40948","RB","Ralph","Ralph Webb","Webb","0","0","4500","NE@DET","NE","DET","","","","",""
"28399-14327","RB","Anthony","Anthony Sherman","Sherman","10.100000381469727","1","4500","SF@KC","KC","SF","","","","",""
"28399-63479","RB","John","John Kelly","Kelly","0","0","4500","LAC@LAR","LAR","LAC","","","","",""
"28399-39930","WR","Reggie","Reggie Davis","Davis","0","0","4500","IND@PHI","PHI","IND","","","","",""
"28399-62510","TE","Nick","Nick Boyle","Boyle","4.550000190734863","2","4400","DEN@BAL","BAL","DEN","","","","",""
"28399-11431","TE","Jermaine","Jermaine Gresham","Gresham","4.335714340209961","14","4400","CHI@ARI","ARI","CHI","Q","Achilles","","",""
"28399-12531","D","Denver","Denver Broncos","Broncos","8","2","4400","DEN@BAL","DEN","BAL","","","","",""
"28399-12545","D","Philadelphia","Philadelphia Eagles","Eagles","8","2","4400","IND@PHI","PHI","IND","","","","",""
"28399-12550","D","Seattle","Seattle Seahawks","Seahawks","7","2","4400","DAL@SEA","SEA","DAL","","","","",""
"28399-12556","D","Houston","Houston Texans","Texans","5","2","4400","NYG@HOU","HOU","NYG","","","","",""
"28399-39305","TE","A.J.","A.J. Derby","Derby","8.399999618530273","1","4400","OAK@MIA","MIA","OAK","","","","",""
"28399-22004","TE","Dwayne","Dwayne Allen","Allen","1.6333333651224773","12","4400","NE@DET","NE","DET","","","","",""
"28399-70335","TE","Seth","Seth DeValve","DeValve","3.75","16","4400","NYJ@CLE","CLE","NYJ","Q","Hamstring","","",""
"28399-26355","TE","Logan","Logan Thomas","Thomas","2.049999952316284","2","4400","BUF@MIN","BUF","MIN","","","","",""
"28399-28487","TE","Jeff","Jeff Heuerman","Heuerman","2","2","4400","DEN@BAL","DEN","BAL","","","","",""
"28399-39814","TE","Jordan","Jordan Leggett","Leggett","0","0","4400","NYJ@CLE","NYJ","CLE","","","","",""
"28399-56265","TE","Mike","Mike Gesicki","Gesicki","1.600000023841858","1","4400","OAK@MIA","MIA","OAK","","","","",""
"28399-29725","TE","Levine","Levine Toilolo","Toilolo","1.2000000476837158","1","4300","NE@DET","DET","NE","","","","",""
"28399-14394","TE","Virgil","Virgil Green","Green","5.050000190734863","2","4300","LAC@LAR","LAC","LAR","","","","",""
"28399-12527","D","Chicago","Chicago Bears","Bears","15.5","2","4300","CHI@ARI","CHI","ARI","","","","",""
"28399-12555","D","Baltimore","Baltimore Ravens","Ravens","8","2","4300","DEN@BAL","BAL","DEN","","","","",""
"28399-38301","TE","Darren","Darren Fells","Fells","2.0999999046325684","2","4300","NYJ@CLE","CLE","NYJ","","","","",""
"28399-31207","TE","C.J.","C.J. Uzomah","Uzomah","3.450000047683716","2","4300","CIN@CAR","CIN","CAR","","","","",""
"28399-28144","TE","Dion","Dion Sims","Sims","1.899999976158142","1","4300","CHI@ARI","CHI","ARI","","","","",""
"28399-28346","TE","Maxx","Maxx Williams","Williams","5","2","4300","DEN@BAL","BAL","DEN","","","","",""
"28399-26384","TE","Trey","Trey Edmunds","Edmunds","3.6000000635782876","3","4300","PIT@TB","PIT","TB","","","","",""
"28399-28570","TE","Nick","Nick Vannett","Vannett","2.700000047683716","2","4300","DAL@SEA","SEA","DAL","","","","",""
"28399-14240","TE","Lance","Lance Kendricks","Kendricks","1.350000023841858","2","4300","GB@WAS","GB","WAS","","","","",""
"28399-14355","TE","Niles","Niles Paul","Paul","1.350000023841858","2","4200","TEN@JAC","JAC","TEN","","","","",""
"28399-12528","D","Cincinnati","Cincinnati Bengals","Bengals","11","2","4200","CIN@CAR","CIN","CAR","","","","",""
"28399-12541","D","New England","New England Patriots","Patriots","5.5","2","4200","NE@DET","NE","DET","","","","",""
"28399-45335","TE","Michael","Michael Roberts","Roberts","8","1","4200","NE@DET","DET","NE","","","","",""
"28399-48482","TE","David","David Morgan","Morgan","2.1500000953674316","2","4200","BUF@MIN","MIN","BUF","","","","",""
"28399-29277","TE","Stephen","Stephen Anderson","Anderson","3.7642857687813893","14","4200","NE@DET","NE","DET","","","","",""
"28399-47870","TE","Tyler","Tyler Higbee","Higbee","6.800000190734863","1","4200","LAC@LAR","LAR","LAC","","","","",""
"28399-19342","TE","Demetrius","Demetrius Harris","Harris","2.8769231942983775","13","4200","SF@KC","KC","SF","","","","",""
"28399-29592","TE","Xavier","Xavier Grimble","Grimble","1.6714285441807337","7","4200","PIT@TB","PIT","TB","","","","",""
"28399-48116","TE","Jonnu","Jonnu Smith","Smith","1.7000000476837158","1","4200","TEN@JAC","TEN","JAC","","","","",""
"28399-60451","TE","Tyler","Tyler Conklin","Conklin","1.100000023841858","1","4100","BUF@MIN","MIN","BUF","","","","",""
"28399-12533","D","Green Bay","Green Bay Packers","Packers","9","2","4100","GB@WAS","GB","WAS","","","","",""
"28399-12553","D","Carolina","Carolina Panthers","Panthers","6.5","2","4100","CIN@CAR","CAR","CIN","","","","",""
"28399-22920","TE","Derek","Derek Carrier","Carrier","2","2","4100","OAK@MIA","OAK","MIA","","","","",""
"28399-22065","TE","Rhett","Rhett Ellison","Ellison","1.7999999523162842","2","4100","NYG@HOU","NYG","HOU","","","","",""
"28399-39492","TE","Josh","Josh Hill","Hill","1.5","2","4100","NO@ATL","NO","ATL","","","","",""
"28399-18009","TE","Chris","Chris Manhertz","Manhertz","0.9000000158945719","3","4100","CIN@CAR","CAR","CIN","","","","",""
"28399-12055","TE","Logan","Logan Paulsen","Paulsen","1.5","1","4100","NO@ATL","ATL","NO","","","","",""
"28399-14348","TE","Lee","Lee Smith","Smith","1.933333396911621","6","4000","OAK@MIA","OAK","MIA","","","","",""
"28399-27672","TE","Matt","Matt LaCosse","LaCosse","0","1","4000","DEN@BAL","DEN","BAL","","","","",""
"28399-55336","TE","Chris","Chris Herndon","Herndon","4","1","4000","NYJ@CLE","NYJ","CLE","","","","",""
"28399-62505","TE","MyCole","MyCole Pruitt","Pruitt","0","0","4000","TEN@JAC","TEN","JAC","","","","",""
"28399-62508","TE","James","James O'Shaughnessy","O'Shaughnessy","1.100000023841858","2","4000","TEN@JAC","JAC","TEN","","","","",""
"28399-62515","TE","Neal","Neal Sterling","Sterling","4.199999809265137","1","4000","NYJ@CLE","NYJ","CLE","O","Concussion","","",""
"28399-42046","TE","Durham","Durham Smythe","Smythe","0","0","4000","OAK@MIA","MIA","OAK","","","","",""
"28399-30787","TE","Alex","Alex Ellis","Ellis","0","0","4000","SF@KC","KC","SF","","","","",""
"28399-62534","TE","Brian","Brian Parker","Parker","0","0","4000","DEN@BAL","DEN","BAL","","","","",""
"28399-30800","TE","Jason","Jason Croom","Croom","2.25","2","4000","BUF@MIN","BUF","MIN","","","","",""
"28399-29805","TE","Ryan","Ryan Hewitt","Hewitt","0","1","4000","IND@PHI","IND","PHI","","","","",""
"28399-79980","TE","Eric","Eric Saubert","Saubert","0","1","4000","NO@ATL","ATL","NO","","","","",""
"28399-83074","TE","Dallas","Dallas Goedert","Goedert","0.8999999761581421","1","4000","IND@PHI","PHI","IND","","","","",""
"28399-28807","TE","Gabe","Gabe Holmes","Holmes","0","1","4000","CHI@ARI","ARI","CHI","","","","",""
"28399-80011","TE","Antony","Antony Auclair","Auclair","1.75","2","4000","PIT@TB","TB","PIT","","","","",""
"28399-62617","TE","Khari","Khari Lee","Lee","0","0","4000","BUF@MIN","BUF","MIN","","","","",""
"28399-62633","TE","Matt","Matt Lengel","Lengel","0","0","4000","NYG@HOU","HOU","NYG","","","","",""
"28399-83117","TE","Tanner","Tanner Hudson","Hudson","0","0","4000","PIT@TB","TB","PIT","","","","",""
"28399-32957","TE","Eric","Eric Tomlinson","Tomlinson","2.049999952316284","2","4000","NYJ@CLE","NYJ","CLE","","","","",""
"28399-83138","TE","Ross","Ross Dwelley","Dwelley","0","0","4000","SF@KC","SF","KC","","","","",""
"28399-52436","TE","Mark","Mark Andrews","Andrews","6.900000095367432","2","4000","DEN@BAL","BAL","DEN","","","","",""
"28399-57556","TE","Jerome","Jerome Cunningham","Cunningham","0","0","4000","TEN@JAC","TEN","JAC","","","","",""
"28399-12534","D","Tennessee","Tennessee Titans","Titans","9","2","4000","TEN@JAC","TEN","JAC","","","","",""
"28399-41210","TE","Matt","Matt Flanagan","Flanagan","0","0","4000","GB@WAS","WAS","GB","","","","",""
"28399-62718","TE","Daniel","Daniel Brown","Brown","2.424999952316284","8","4000","CHI@ARI","CHI","ARI","","","","",""
"28399-12544","D","New York","New York Jets","Jets","17.5","2","4000","NYJ@CLE","NYJ","CLE","","","","",""
"28399-12546","D","Arizona","Arizona Cardinals","Cardinals","4","2","4000","CHI@ARI","ARI","CHI","","","","",""
"28399-83202","TE","Christian","Christian Scotland-Williamson","Scotland-Williamson","0","0","4000","PIT@TB","PIT","TB","","","","",""
"28399-12548","D","Los Angeles","Los Angeles Chargers","Chargers","5","2","4000","LAC@LAR","LAC","LAR","","","","",""
"28399-29956","TE","Joshua","Joshua Perkins","Perkins","7.699999809265137","1","4000","IND@PHI","PHI","IND","","","","",""
"28399-27918","TE","Henry","Henry Krieger-Coble","Krieger-Coble","0","0","4000","LAC@LAR","LAR","LAC","","","","",""
"28399-83253","TE","Paul","Paul Butler","Butler","0","0","4000","OAK@MIA","OAK","MIA","","","","",""
"28399-25957","TE","J.P.","J.P. Holtz","Holtz","0","0","4000","GB@WAS","WAS","GB","","","","",""
"28399-45472","TE","Garrett","Garrett Griffin","Griffin","0.44999998807907104","2","4000","NO@ATL","NO","ATL","","","","",""
"28399-25011","TE","Darren","Darren Waller","Waller","0","0","4000","DEN@BAL","BAL","DEN","","","","",""
"28399-40371","TE","Johnny","Johnny Mundt","Mundt","0","0","4000","LAC@LAR","LAR","LAC","","","","",""
"28399-47551","TE","Mason","Mason Schreck","Schreck","0","0","4000","CIN@CAR","CIN","CAR","","","","",""
"28399-31169","TE","Jeremy","Jeremy Sprinkle","Sprinkle","2.7666667302449546","3","4000","GB@WAS","WAS","GB","","","","",""
"28399-54742","TE","Scott","Scott Simonson","Simonson","0","0","4000","NYG@HOU","NYG","HOU","","","","",""
"28399-84440","TE","Jaeden","Jaeden Graham","Graham","0","0","4000","NO@ATL","ATL","NO","","","","",""
"28399-27117","TE","Sean","Sean Culkin","Culkin","0","0","4000","LAC@LAR","LAC","LAR","","","","",""
"28399-41469","TE","Darrell","Darrell Daniels","Daniels","0.6833333174387614","6","4000","DAL@SEA","SEA","DAL","","","","",""
"28399-22051","TE","Orson","Orson Charles","Charles","3.1500000953674316","2","4000","NYJ@CLE","CLE","NYJ","","","","",""
"28399-80486","TE","Alex","Alex Gray","Gray","0","0","4000","NO@ATL","ATL","NO","","","","",""
"28399-38523","TE","Geoff","Geoff Swaim","Swaim","3.299999952316284","1","4000","DAL@SEA","DAL","SEA","","","","",""
"28399-33418","TE","Alan","Alan Cross","Cross","0","1","4000","PIT@TB","TB","PIT","","","","",""
"28399-47788","TE","Deon","Deon Yelder","Yelder","0","0","4000","NO@ATL","NO","ATL","","","","",""
"28399-62127","TE","Cole","Cole Hikutini","Hikutini","1.25","2","4000","BUF@MIN","MIN","BUF","","","","",""
"28399-70342","TE","Temarrick","Temarrick Hemingway","Hemingway","0","0","4000","LAC@LAR","LAR","LAC","","","","",""
"28399-40649","TE","Pharoah","Pharoah McKever","McKever","0","0","4000","NYJ@CLE","CLE","NYJ","","","","",""
"28399-70363","TE","Hakeem","Hakeem Valles","Valles","1","1","4000","NE@DET","DET","NE","","","","",""
"28399-71386","TE","Jordan","Jordan Thomas","Thomas","1.600000023841858","2","4000","NYG@HOU","HOU","NYG","","","","",""
"28399-54007","TE","Jacob","Jacob Hollister","Hollister","5","1","4000","NE@DET","NE","DET","","","","",""
"28399-40697","TE","Bucky","Bucky Hodges","Hodges","0","0","4000","PIT@TB","PIT","TB","","","","",""
"28399-25346","TE","David","David Grinnage","Grinnage","0","0","4000","TEN@JAC","JAC","TEN","","","","",""
"28399-55042","TE","Dalton","Dalton Schultz","Schultz","0","0","4000","DAL@SEA","DAL","SEA","","","","",""
"28399-70457","TE","Cole","Cole Wick","Wick","0","0","4000","SF@KC","SF","KC","","","","",""
"28399-70458","TE","Jason","Jason Vander Laan","Vander Laan","0","0","4000","CIN@CAR","CAR","CIN","","","","",""
"28399-72515","TE","Ian","Ian Thomas","Thomas","1.7000000476837158","2","4000","CIN@CAR","CAR","CIN","","","","",""
"28399-70489","TE","Ben","Ben Braunecker","Braunecker","0","0","4000","CHI@ARI","CHI","ARI","","","","",""
"28399-38772","TE","Nate","Nate Wozniak","Wozniak","0","0","4000","NO@ATL","NO","ATL","","","","",""
"28399-27527","TE","Blake","Blake Jarwin","Jarwin","0","1","4000","DAL@SEA","DAL","SEA","","","","",""
"28399-40913","TE","Thomas","Thomas Duarte","Duarte","0","0","4000","LAC@LAR","LAC","LAR","","","","",""
"28399-24533","TE","Mo","Mo Alie-Cox","Alie-Cox","0","0","4000","IND@PHI","IND","PHI","","","","",""
"28399-43993","TE","Andrew","Andrew Vollert","Vollert","0","0","4000","CHI@ARI","ARI","CHI","","","","",""
"28399-14304","TE","Luke","Luke Stocker","Stocker","3.5999999046325684","2","4000","TEN@JAC","TEN","JAC","","","","",""
"28399-57325","TE","Jordan","Jordan Franks","Franks","0","0","4000","CIN@CAR","CIN","CAR","","","","",""
"28399-57338","TE","Jordan","Jordan Akins","Akins","2.5999999046325684","2","4000","NYG@HOU","HOU","NYG","","","","",""
"28399-12547","D","Pittsburgh","Pittsburgh Steelers","Steelers","6","2","3900","PIT@TB","PIT","TB","","","","",""
"28399-12537","D","Oakland","Oakland Raiders","Raiders","2.5","2","3800","OAK@MIA","OAK","MIA","","","","",""
"28399-12536","D","Kansas City","Kansas City Chiefs","Chiefs","3.5","2","3700","SF@KC","KC","SF","","","","",""
"28399-12539","D","Miami","Miami Dolphins","Dolphins","13","2","3700","OAK@MIA","MIA","OAK","","","","",""
"28399-12542","D","New Orleans","New Orleans Saints","Saints","1","2","3700","NO@ATL","NO","ATL","","","","",""
"28399-12543","D","New York","New York Giants","Giants","2.5","2","3600","NYG@HOU","NYG","HOU","","","","",""
"28399-12529","D","Cleveland","Cleveland Browns","Browns","11.5","2","3500","NYJ@CLE","CLE","NYJ","","","","",""
"28399-12532","D","Detroit","Detroit Lions","Lions","6.5","2","3500","NE@DET","DET","NE","","","","",""
"28399-12525","D","Atlanta","Atlanta Falcons","Falcons","5.5","2","3400","NO@ATL","ATL","NO","","","","",""
"28399-12530","D","Dallas","Dallas Cowboys","Cowboys","9","2","3400","DAL@SEA","DAL","SEA","","","","",""
"28399-12535","D","Indianapolis","Indianapolis Colts","Colts","7","2","3400","IND@PHI","IND","PHI","","","","",""
"28399-12549","D","San Francisco","San Francisco 49ers","49ers","5","2","3300","SF@KC","SF","KC","","","","",""
"28399-12552","D","Washington","Washington Redskins","Redskins","9","2","3300","GB@WAS","WAS","GB","","","","",""
"28399-12551","D","Tampa Bay","Tampa Bay Buccaneers","Buccaneers","7","2","3200","PIT@TB","TB","PIT","","","","",""
"28399-12526","D","Buffalo","Buffalo Bills","Bills","0.5","2","3000","BUF@MIN","BUF","MIN","","","","",""